{"Players":[],"Games":[{"RoomName":"BBB_AAA_1497369958579","CurrScoreDark":13,"CurrScoreLight":23,"CurrTurn":-1,"NumOptionsDark":0,"NumOptionsLight":0,"IsCurrTurnMustPass":true,"IsGameOver":true,"GameOverMessage":"AAA Wins 23 - 13!","MovesArray":[{"X":3,"Y":2,"CurrTurn":-1},{"X":2,"Y":2,"CurrTurn":1},{"X":2,"Y":3,"CurrTurn":-1},{"X":3,"Y":3,"CurrTurn":1},{"X":4,"Y":3,"CurrTurn":-1},{"X":4,"Y":2,"CurrTurn":1},{"X":1,"Y":1,"CurrTurn":-1},{"X":1,"Y":2,"CurrTurn":1},{"X":1,"Y":3,"CurrTurn":-1},{"X":5,"Y":4,"CurrTurn":1},{"X":2,"Y":1,"CurrTurn":-1},{"X":1,"Y":0,"CurrTurn":1},{"X":2,"Y":0,"CurrTurn":-1},{"X":0,"Y":2,"CurrTurn":1},{"X":0,"Y":3,"CurrTurn":-1},{"X":0,"Y":0,"CurrTurn":1},{"X":3,"Y":1,"CurrTurn":-1},{"X":0,"Y":4,"CurrTurn":1},{"X":0,"Y":1,"CurrTurn":-1},{"X":1,"Y":4,"CurrTurn":1},{"X":0,"Y":5,"CurrTurn":-1},{"X":1,"Y":5,"CurrTurn":1},{"X":2,"Y":4,"CurrTurn":-1},{"X":3,"Y":0,"CurrTurn":1},{"X":2,"Y":5,"CurrTurn":-1},{"X":4,"Y":1,"CurrTurn":1},{"X":5,"Y":3,"CurrTurn":-1},{"X":5,"Y":2,"CurrTurn":1},{"X":4,"Y":0,"CurrTurn":-1},{"X":5,"Y":0,"CurrTurn":1},{"X":-1,"Y":-1,"CurrTurn":-1},{"X":5,"Y":1,"CurrTurn":1},{"X":-1,"Y":-1,"CurrTurn":-1},{"X":4,"Y":4,"CurrTurn":1},{"X":3,"Y":4,"CurrTurn":-1},{"X":4,"Y":5,"CurrTurn":1},{"X":5,"Y":5,"CurrTurn":-1},{"X":3,"Y":5,"CurrTurn":1}],"PlayerDark":{"SocketID":"yZig_5BXLsQx8T3rAAAA","Username":"BBB","CurrRoomName":"BBB_AAA_1497369958579","NextRoomName":"","InvitesTo":[],"InvitedBy":[],"AddedOn":1497369951884},"PlayerLight":{"SocketID":"sbGl-19CXP2rLILwAAAB","Username":"AAA","CurrRoomName":"BBB_AAA_1497369958579","NextRoomName":"","InvitesTo":[],"InvitedBy":[],"AddedOn":1497369949203},"BoardArray":[[{"X":0,"Y":0,"OccupiedBy":1,"AnimationState":-1,"IsValidForDark":false,"IsValidForLight":false},{"X":0,"Y":1,"OccupiedBy":-1,"AnimationState":-1,"IsValidForDark":false,"IsValidForLight":false},{"X":0,"Y":2,"OccupiedBy":-1,"AnimationState":-1,"IsValidForDark":false,"IsValidForLight":false},{"X":0,"Y":3,"OccupiedBy":-1,"AnimationState":-1,"IsValidForDark":false,"IsValidForLight":false},{"X":0,"Y":4,"OccupiedBy":-1,"AnimationState":-1,"IsValidForDark":false,"IsValidForLight":false},{"X":0,"Y":5,"OccupiedBy":-1,"AnimationState":-1,"IsValidForDark":false,"IsValidForLight":false}],[{"X":1,"Y":0,"OccupiedBy":1,"AnimationState":-1,"IsValidForDark":false,"IsValidForLight":false},{"X":1,"Y":1,"OccupiedBy":1,"AnimationState":-1,"IsValidForDark":false,"IsValidForLight":false},{"X":1,"Y":2,"OccupiedBy":1,"AnimationState":-1,"IsValidForDark":false,"IsValidForLight":false},{"X":1,"Y":3,"OccupiedBy":-1,"AnimationState":-1,"IsValidForDark":false,"IsValidForLight":false},{"X":1,"Y":4,"OccupiedBy":-1,"AnimationState":-1,"IsValidForDark":false,"IsValidForLight":false},{"X":1,"Y":5,"OccupiedBy":-1,"AnimationState":-1,"IsValidForDark":false,"IsValidForLight":false}],[{"X":2,"Y":0,"OccupiedBy":1,"AnimationState":-1,"IsValidForDark":false,"IsValidForLight":false},{"X":2,"Y":1,"OccupiedBy":1,"AnimationState":-1,"IsValidForDark":false,"IsValidForLight":false},{"X":2,"Y":2,"OccupiedBy":1,"AnimationState":-1,"IsValidForDark":false,"IsValidForLight":false},{"X":2,"Y":3,"OccupiedBy":1,"AnimationState":-1,"IsValidForDark":false,"IsValidForLight":false},{"X":2,"Y":4,"OccupiedBy":-1,"AnimationState":-1,"IsValidForDark":false,"IsValidForLight":false},{"X":2,"Y":5,"OccupiedBy":-1,"AnimationState":-1,"IsValidForDark":false,"IsValidForLight":false}],[{"X":3,"Y":0,"OccupiedBy":1,"AnimationState":-1,"IsValidForDark":false,"IsValidForLight":false},{"X":3,"Y":1,"OccupiedBy":1,"AnimationState":-1,"IsValidForDark":false,"IsValidForLight":false},{"X":3,"Y":2,"OccupiedBy":-1,"AnimationState":-1,"IsValidForDark":false,"IsValidForLight":false},{"X":3,"Y":3,"OccupiedBy":-1,"AnimationState":-1,"IsValidForDark":false,"IsValidForLight":false},{"X":3,"Y":4,"OccupiedBy":1,"AnimationState":-1,"IsValidForDark":false,"IsValidForLight":false},{"X":3,"Y":5,"OccupiedBy":1,"AnimationState":0,"IsValidForDark":false,"IsValidForLight":false}],[{"X":4,"Y":0,"OccupiedBy":1,"AnimationState":-1,"IsValidForDark":false,"IsValidForLight":false},{"X":4,"Y":1,"OccupiedBy":1,"AnimationState":-1,"IsValidForDark":false,"IsValidForLight":false},{"X":4,"Y":2,"OccupiedBy":1,"AnimationState":-1,"IsValidForDark":false,"IsValidForLight":false},{"X":4,"Y":3,"OccupiedBy":1,"AnimationState":-1,"IsValidForDark":false,"IsValidForLight":false},{"X":4,"Y":4,"OccupiedBy":1,"AnimationState":1,"IsValidForDark":false,"IsValidForLight":false},{"X":4,"Y":5,"OccupiedBy":1,"AnimationState":-1,"IsValidForDark":false,"IsValidForLight":false}],[{"X":5,"Y":0,"OccupiedBy":1,"AnimationState":-1,"IsValidForDark":false,"IsValidForLight":false},{"X":5,"Y":1,"OccupiedBy":1,"AnimationState":-1,"IsValidForDark":false,"IsValidForLight":false},{"X":5,"Y":2,"OccupiedBy":1,"AnimationState":-1,"IsValidForDark":false,"IsValidForLight":false},{"X":5,"Y":3,"OccupiedBy":1,"AnimationState":-1,"IsValidForDark":false,"IsValidForLight":false},{"X":5,"Y":4,"OccupiedBy":1,"AnimationState":-1,"IsValidForDark":false,"IsValidForLight":false},{"X":5,"Y":5,"OccupiedBy":-1,"AnimationState":-1,"IsValidForDark":false,"IsValidForLight":false}]],"PlayerExitedUsername":"","AddedOn":1497370080541,"ModifiedOn":1497370140102},{"RoomName":"BBB_AAA_1497370461426","CurrScoreDark":2,"CurrScoreLight":2,"CurrTurn":-1,"NumOptionsDark":4,"NumOptionsLight":4,"IsCurrTurnMustPass":false,"IsGameOver":false,"GameOverMessage":"","MovesArray":[{"X":3,"Y":2,"CurrTurn":-1},{"X":2,"Y":2,"CurrTurn":1},{"X":2,"Y":3,"CurrTurn":-1},{"X":3,"Y":3,"CurrTurn":1}],"PlayerDark":{"SocketID":"xCYrYtXWGMAOhAnIAAAC","Username":"BBB","CurrRoomName":"BBB_AAA_1497370461426","NextRoomName":"","InvitesTo":[],"InvitedBy":[],"AddedOn":1497370380744},"PlayerLight":{"SocketID":"l6zA1cR0lSA2MHwdAAAD","Username":"AAA","CurrRoomName":"BBB_AAA_1497370461426","NextRoomName":"","InvitesTo":[],"InvitedBy":[],"AddedOn":1497370377751},"BoardArray":[[{"X":0,"Y":0,"OccupiedBy":0,"AnimationState":-1,"IsValidForDark":false,"IsValidForLight":false},{"X":0,"Y":1,"OccupiedBy":0,"AnimationState":-1,"IsValidForDark":false,"IsValidForLight":false},{"X":0,"Y":2,"OccupiedBy":0,"AnimationState":-1,"IsValidForDark":false,"IsValidForLight":false},{"X":0,"Y":3,"OccupiedBy":0,"AnimationState":-1,"IsValidForDark":false,"IsValidForLight":false},{"X":0,"Y":4,"OccupiedBy":0,"AnimationState":-1,"IsValidForDark":false,"IsValidForLight":false},{"X":0,"Y":5,"OccupiedBy":0,"AnimationState":-1,"IsValidForDark":false,"IsValidForLight":false}],[{"X":1,"Y":0,"OccupiedBy":0,"AnimationState":-1,"IsValidForDark":false,"IsValidForLight":false},{"X":1,"Y":1,"OccupiedBy":0,"AnimationState":-1,"IsValidForDark":false,"IsValidForLight":false},{"X":1,"Y":2,"OccupiedBy":0,"AnimationState":-1,"IsValidForDark":true,"IsValidForLight":false},{"X":1,"Y":3,"OccupiedBy":0,"AnimationState":-1,"IsValidForDark":false,"IsValidForLight":true},{"X":1,"Y":4,"OccupiedBy":0,"AnimationState":-1,"IsValidForDark":false,"IsValidForLight":false},{"X":1,"Y":5,"OccupiedBy":0,"AnimationState":-1,"IsValidForDark":false,"IsValidForLight":false}],[{"X":2,"Y":0,"OccupiedBy":0,"AnimationState":-1,"IsValidForDark":false,"IsValidForLight":false},{"X":2,"Y":1,"OccupiedBy":0,"AnimationState":-1,"IsValidForDark":true,"IsValidForLight":false},{"X":2,"Y":2,"OccupiedBy":1,"AnimationState":-1,"IsValidForDark":false,"IsValidForLight":false},{"X":2,"Y":3,"OccupiedBy":-1,"AnimationState":-1,"IsValidForDark":false,"IsValidForLight":false},{"X":2,"Y":4,"OccupiedBy":0,"AnimationState":-1,"IsValidForDark":false,"IsValidForLight":true},{"X":2,"Y":5,"OccupiedBy":0,"AnimationState":-1,"IsValidForDark":false,"IsValidForLight":false}],[{"X":3,"Y":0,"OccupiedBy":0,"AnimationState":-1,"IsValidForDark":false,"IsValidForLight":false},{"X":3,"Y":1,"OccupiedBy":0,"AnimationState":-1,"IsValidForDark":false,"IsValidForLight":true},{"X":3,"Y":2,"OccupiedBy":-1,"AnimationState":-1,"IsValidForDark":false,"IsValidForLight":false},{"X":3,"Y":3,"OccupiedBy":1,"AnimationState":0,"IsValidForDark":false,"IsValidForLight":false},{"X":3,"Y":4,"OccupiedBy":0,"AnimationState":-1,"IsValidForDark":true,"IsValidForLight":false},{"X":3,"Y":5,"OccupiedBy":0,"AnimationState":-1,"IsValidForDark":false,"IsValidForLight":false}],[{"X":4,"Y":0,"OccupiedBy":0,"AnimationState":-1,"IsValidForDark":false,"IsValidForLight":false},{"X":4,"Y":1,"OccupiedBy":0,"AnimationState":-1,"IsValidForDark":false,"IsValidForLight":false},{"X":4,"Y":2,"OccupiedBy":0,"AnimationState":-1,"IsValidForDark":false,"IsValidForLight":true},{"X":4,"Y":3,"OccupiedBy":0,"AnimationState":-1,"IsValidForDark":true,"IsValidForLight":false},{"X":4,"Y":4,"OccupiedBy":0,"AnimationState":-1,"IsValidForDark":false,"IsValidForLight":false},{"X":4,"Y":5,"OccupiedBy":0,"AnimationState":-1,"IsValidForDark":false,"IsValidForLight":false}],[{"X":5,"Y":0,"OccupiedBy":0,"AnimationState":-1,"IsValidForDark":false,"IsValidForLight":false},{"X":5,"Y":1,"OccupiedBy":0,"AnimationState":-1,"IsValidForDark":false,"IsValidForLight":false},{"X":5,"Y":2,"OccupiedBy":0,"AnimationState":-1,"IsValidForDark":false,"IsValidForLight":false},{"X":5,"Y":3,"OccupiedBy":0,"AnimationState":-1,"IsValidForDark":false,"IsValidForLight":false},{"X":5,"Y":4,"OccupiedBy":0,"AnimationState":-1,"IsValidForDark":false,"IsValidForLight":false},{"X":5,"Y":5,"OccupiedBy":0,"AnimationState":-1,"IsValidForDark":false,"IsValidForLight":false}]],"PlayerExitedUsername":"","AddedOn":1497370537784,"ModifiedOn":1497370537784}]}
